{
  "prob_source": "model",
  "n_samples": 912,
  "calibration_maps": [
    {
      "x": [
        0.01,
        0.03,
        0.05,
        0.06999999999999999,
        0.09,
        0.11,
        0.13,
        0.15000000000000002,
        0.17,
        0.19,
        0.21000000000000002,
        0.23,
        0.25,
        0.27,
        0.29000000000000004,
        0.31,
        0.33,
        0.35000000000000003,
        0.37,
        0.39,
        0.41000000000000003,
        0.43,
        0.45,
        0.47000000000000003,
        0.49,
        0.51,
        0.53,
        0.55,
        0.5700000000000001,
        0.59,
        0.61,
        0.63,
        0.65,
        0.67,
        0.6900000000000001,
        0.7100000000000001,
        0.73,
        0.75,
        0.77,
        0.79,
        0.81,
        0.8300000000000001,
        0.85,
        0.87,
        0.89,
        0.91,
        0.93,
        0.9500000000000001,
        0.97,
        0.99
      ],
      "y": [
        0.3645490542004644,
        0.3678434449551119,
        0.37115021827352973,
        0.37446910913143444,
        0.3777998481086179,
        0.3811421614625075,
        0.384495771204948,
        0.38786039518217086,
        0.3912357471579158,
        0.39462153689966567,
        0.39801747026794815,
        0.40142324930865875,
        0.4048385723483521,
        0.4082631340924458,
        0.41169662572627874,
        0.4151387350189585,
        0.418589146429933,
        0.42204754121821514,
        0.42551359755418555,
        0.4289869906338964,
        0.43246739279579627,
        0.4359544736397895,
        0.4394479001485446,
        0.44294733681095877,
        0.446452445747687,
        0.44996288683863817,
        0.45347831785233733,
        0.45699839457705443,
        0.46052277095359384,
        0.46405109920963644,
        0.46758302999552787,
        0.47111821252139807,
        0.4746562946955028,
        0.4781969232636687,
        0.4817397439497276,
        0.48528440159681974,
        0.4888305403094506,
        0.4923778035961756,
        0.4959258345127957,
        0.4994742758059399,
        0.5030227700569117,
        0.5065709598256777,
        0.510118487794875,
        0.5136649969137117,
        0.5172101305416412,
        0.5207535325916848,
        0.5242948476732808,
        0.5278337212345399,
        0.5313697997037836,
        0.5349027306302492
      ]
    },
    {
      "x": [
        0.01,
        0.03,
        0.05,
        0.06999999999999999,
        0.09,
        0.11,
        0.13,
        0.15000000000000002,
        0.17,
        0.19,
        0.21000000000000002,
        0.23,
        0.25,
        0.27,
        0.29000000000000004,
        0.31,
        0.33,
        0.35000000000000003,
        0.37,
        0.39,
        0.41000000000000003,
        0.43,
        0.45,
        0.47000000000000003,
        0.49,
        0.51,
        0.53,
        0.55,
        0.5700000000000001,
        0.59,
        0.61,
        0.63,
        0.65,
        0.67,
        0.6900000000000001,
        0.7100000000000001,
        0.73,
        0.75,
        0.77,
        0.79,
        0.81,
        0.8300000000000001,
        0.85,
        0.87,
        0.89,
        0.91,
        0.93,
        0.9500000000000001,
        0.97,
        0.99
      ],
      "y": [
        0.2388856917431945,
        0.24066892010600066,
        0.24246121937906823,
        0.24426257253494102,
        0.24607296150287689,
        0.24789236716133667,
        0.24972076933065374,
        0.25155814676589106,
        0.25340447714988906,
        0.2552597370865117,
        0.25712390209409275,
        0.2589969465990916,
        0.26087884392995947,
        0.2627695663112242,
        0.26466908485779717,
        0.2665773695695078,
        0.2684943893258708,
        0.27042011188109066,
        0.272354503859309,
        0.2742975307500985,
        0.27624915690420976,
        0.27820934552957444,
        0.2801780586875701,
        0.28215525728955165,
        0.2841409010936527,
        0.2861349487018632,
        0.2881373575573856,
        0.29014808394227654,
        0.2921670829753749,
        0.29419430861052415,
        0.2962297136350896,
        0.2982732496687778,
        0.3003248671627583,
        0.30238451539909555,
        0.3044521424904912,
        0.3065276953803423,
        0.3086111198431183,
        0.31070236048506,
        0.31280136074520404,
        0.31490806289673545,
        0.3170224080486717,
        0.31914433614788096,
        0.3212737859814369,
        0.32341069517931287,
        0.3255550002174178,
        0.32770663642097597,
        0.3298655379682528,
        0.3320316378946284,
        0.3342048680970207,
        0.3363851593386603
      ]
    },
    {
      "x": [
        0.01,
        0.03,
        0.05,
        0.06999999999999999,
        0.09,
        0.11,
        0.13,
        0.15000000000000002,
        0.17,
        0.19,
        0.21000000000000002,
        0.23,
        0.25,
        0.27,
        0.29000000000000004,
        0.31,
        0.33,
        0.35000000000000003,
        0.37,
        0.39,
        0.41000000000000003,
        0.43,
        0.45,
        0.47000000000000003,
        0.49,
        0.51,
        0.53,
        0.55,
        0.5700000000000001,
        0.59,
        0.61,
        0.63,
        0.65,
        0.67,
        0.6900000000000001,
        0.7100000000000001,
        0.73,
        0.75,
        0.77,
        0.79,
        0.81,
        0.8300000000000001,
        0.85,
        0.87,
        0.89,
        0.91,
        0.93,
        0.9500000000000001,
        0.97,
        0.99
      ],
      "y": [
        0.24457973199744945,
        0.24802473578278578,
        0.2515021086453144,
        0.25501170172905513,
        0.2585533522087001,
        0.2621268831308185,
        0.2657321032649255,
        0.2693688069648652,
        0.2730367740409514,
        0.27673576964330465,
        0.28046554415681485,
        0.28422583310814936,
        0.28801635708521917,
        0.2918368216695,
        0.29568691738159536,
        0.29956631964041436,
        0.30347468873631933,
        0.3074116698185844,
        0.31137689289748666,
        0.3153699728613329,
        0.3193905095087044,
        0.32343808759618053,
        0.3275122769017787,
        0.331612632304326,
        0.3357386938789499,
        0.339889987008852,
        0.3440660225135,
        0.3482662967933461,
        0.3524902919911494,
        0.3567374761699522,
        0.3610073035077281,
        0.365299214508688,
        0.3696126362312012,
        0.3739469825322515,
        0.378301654328321,
        0.38267603987255655,
        0.38706951504804243,
        0.3914814436769705,
        0.39591117784546176,
        0.40035805824376414,
        0.4048214145215146,
        0.40930056565772216,
        0.4137948203450954,
        0.41830347738830587,
        0.42282582611574626,
        0.42736114680431303,
        0.4319087111167108,
        0.4364677825507496,
        0.44103761690007315,
        0.44561746272573516
      ]
    }
  ]
}