{
  "prob_source": "model",
  "n_samples": 971,
  "calibration_maps": [
    {
      "x": [
        0.01,
        0.03,
        0.05,
        0.06999999999999999,
        0.09,
        0.11,
        0.13,
        0.15000000000000002,
        0.17,
        0.19,
        0.21000000000000002,
        0.23,
        0.25,
        0.27,
        0.29000000000000004,
        0.31,
        0.33,
        0.35000000000000003,
        0.37,
        0.39,
        0.41000000000000003,
        0.43,
        0.45,
        0.47000000000000003,
        0.49,
        0.51,
        0.53,
        0.55,
        0.5700000000000001,
        0.59,
        0.61,
        0.63,
        0.65,
        0.67,
        0.6900000000000001,
        0.7100000000000001,
        0.73,
        0.75,
        0.77,
        0.79,
        0.81,
        0.8300000000000001,
        0.85,
        0.87,
        0.89,
        0.91,
        0.93,
        0.9500000000000001,
        0.97,
        0.99
      ],
      "y": [
        0.3604278623360318,
        0.363890843114873,
        0.36736798466853954,
        0.37085898093885616,
        0.37436352029807735,
        0.37788128564079176,
        0.3814119544803404,
        0.3849551990497051,
        0.3885106864068229,
        0.3920780785442692,
        0.3956570325032541,
        0.3992472004918645,
        0.402848230007481,
        0.4064597639632916,
        0.4100814408188194,
        0.4137128947143754,
        0.41735375560934024,
        0.4210036494241747,
        0.42466219818605244,
        0.42832902017800395,
        0.43200373009145276,
        0.43568593918202375,
        0.439375255428494,
        0.4430712836947554,
        0.44677362589465197,
        0.4504818811595485,
        0.45419564600848805,
        0.4579145145207848,
        0.46163807851090116,
        0.4653659277054506,
        0.46909764992216507,
        0.47283283125066383,
        0.47657105623485646,
        0.48031190805680946,
        0.4840549687219077,
        0.4877998192451312,
        0.4915460398382784,
        0.49529321009795174,
        0.4990409091941313,
        0.5027887160591561,
        0.506536209576931,
        0.5102829687721808,
        0.5140285729995698,
        0.5177726021325058,
        0.5215146367514498,
        0.5252542583315515,
        0.5289910494294319,
        0.5327245938689386,
        0.5364544769256958,
        0.5401802855102782
      ]
    },
    {
      "x": [
        0.01,
        0.03,
        0.05,
        0.06999999999999999,
        0.09,
        0.11,
        0.13,
        0.15000000000000002,
        0.17,
        0.19,
        0.21000000000000002,
        0.23,
        0.25,
        0.27,
        0.29000000000000004,
        0.31,
        0.33,
        0.35000000000000003,
        0.37,
        0.39,
        0.41000000000000003,
        0.43,
        0.45,
        0.47000000000000003,
        0.49,
        0.51,
        0.53,
        0.55,
        0.5700000000000001,
        0.59,
        0.61,
        0.63,
        0.65,
        0.67,
        0.6900000000000001,
        0.7100000000000001,
        0.73,
        0.75,
        0.77,
        0.79,
        0.81,
        0.8300000000000001,
        0.85,
        0.87,
        0.89,
        0.91,
        0.93,
        0.9500000000000001,
        0.97,
        0.99
      ],
      "y": [
        0.2363936779446404,
        0.23870585774286418,
        0.24103351446469362,
        0.24337661245270836,
        0.24573511304175236,
        0.24810897453007946,
        0.25049815215138305,
        0.25290259804774057,
        0.25532226124351,
        0.25775708762020777,
        0.26020701989240524,
        0.26267199758467275,
        0.26515195700960764,
        0.26764683124697675,
        0.2701565501240053,
        0.2726810401968462,
        0.27522022473325897,
        0.2777740236965309,
        0.2803423537306706,
        0.28292512814690396,
        0.28552225691150174,
        0.2881336466349696,
        0.29075920056262616,
        0.29339881856659883,
        0.29605239713926373,
        0.29871982938815556,
        0.30140100503237327,
        0.3040958104005054,
        0.3068041284300992,
        0.30952583866869626,
        0.3122608172764554,
        0.3150089370303844,
        0.31777006733019963,
        0.320544074205832,
        0.3233308203265966,
        0.326130165012042,
        0.32894196424449385,
        0.3317660706833071,
        0.33460233368083775,
        0.3374505993001462,
        0.3403107103344414,
        0.34318250632827324,
        0.34606582360048127,
        0.34896049526890294,
        0.351866351276847,
        0.3547832184213334,
        0.3577109203830994,
        0.36064927775837285,
        0.36359810809240856,
        0.36655722591478396
      ]
    },
    {
      "x": [
        0.01,
        0.03,
        0.05,
        0.06999999999999999,
        0.09,
        0.11,
        0.13,
        0.15000000000000002,
        0.17,
        0.19,
        0.21000000000000002,
        0.23,
        0.25,
        0.27,
        0.29000000000000004,
        0.31,
        0.33,
        0.35000000000000003,
        0.37,
        0.39,
        0.41000000000000003,
        0.43,
        0.45,
        0.47000000000000003,
        0.49,
        0.51,
        0.53,
        0.55,
        0.5700000000000001,
        0.59,
        0.61,
        0.63,
        0.65,
        0.67,
        0.6900000000000001,
        0.7100000000000001,
        0.73,
        0.75,
        0.77,
        0.79,
        0.81,
        0.8300000000000001,
        0.85,
        0.87,
        0.89,
        0.91,
        0.93,
        0.9500000000000001,
        0.97,
        0.99
      ],
      "y": [
        0.23555305277179547,
        0.23931472768321796,
        0.24311737003200232,
        0.24696081863827335,
        0.2508448910435986,
        0.2547693831938723,
        0.258734069139552,
        0.262738700754254,
        0.2667830074727103,
        0.2708666960490768,
        0.2749894503365708,
        0.2791509310893974,
        0.28335077578790724,
        0.2875885984879008,
        0.29186398969497007,
        0.2961765162647372,
        0.3005257213298152,
        0.30491112425427924,
        0.30933222061639337,
        0.31378848222029765,
        0.3182793571373063,
        0.3228042697774222,
        0.32736262099161345,
        0.33195378820534216,
        0.33657712558377484,
        0.34123196422903745,
        0.34591761240981367,
        0.35063335582351396,
        0.3553784578911722,
        0.3601521600851509,
        0.36495368228966146,
        0.369782223194027,
        0.37463696071853586,
        0.3795170524726534,
        0.3844216362452779,
        0.3893498305266437,
        0.394300735061392,
        0.399273431432248,
        0.40426698367365727,
        0.4092804389146572,
        0.41431282805017344,
        0.4193631664398538,
        0.4244304546334741,
        0.42951367912187294,
        0.4346118131122979,
        0.4397238173269766,
        0.4448486408236538,
        0.4499852218367728,
        0.4551324886379166,
        0.46028936041406526
      ]
    }
  ]
}