{
  "prob_source": "model",
  "n_samples": 911,
  "calibration_maps": [
    {
      "x": [
        0.01,
        0.03,
        0.05,
        0.06999999999999999,
        0.09,
        0.11,
        0.13,
        0.15000000000000002,
        0.17,
        0.19,
        0.21000000000000002,
        0.23,
        0.25,
        0.27,
        0.29000000000000004,
        0.31,
        0.33,
        0.35000000000000003,
        0.37,
        0.39,
        0.41000000000000003,
        0.43,
        0.45,
        0.47000000000000003,
        0.49,
        0.51,
        0.53,
        0.55,
        0.5700000000000001,
        0.59,
        0.61,
        0.63,
        0.65,
        0.67,
        0.6900000000000001,
        0.7100000000000001,
        0.73,
        0.75,
        0.77,
        0.79,
        0.81,
        0.8300000000000001,
        0.85,
        0.87,
        0.89,
        0.91,
        0.93,
        0.9500000000000001,
        0.97,
        0.99
      ],
      "y": [
        0.3658673152954296,
        0.3691289974648436,
        0.3724026810654143,
        0.3756881084007822,
        0.3789850176019779,
        0.3822931426980174,
        0.38561221368949306,
        0.38894195662513,
        0.3922820936812712,
        0.3956323432442569,
        0.3989924199956521,
        0.40236203500028017,
        0.40574089579701206,
        0.4091287064922596,
        0.41252516785611576,
        0.41592997742108484,
        0.4193428295833377,
        0.42276341570642695,
        0.426191424227394,
        0.42962654076519335,
        0.4330684482313614,
        0.4365168269428485,
        0.43997135473693516,
        0.44343170708814633,
        0.44689755722707897,
        0.45036857626105004,
        0.45384443329647695,
        0.4573247955628914,
        0.460809328538494,
        0.4642976960771474,
        0.46778956053670917,
        0.47128458290860065,
        0.4747824229485065,
        0.4782827393080996,
        0.4817851896676851,
        0.48528943086965004,
        0.48879511905261364,
        0.49230190978616445,
        0.4958094582060714,
        0.49931741914985944,
        0.5028254472926326,
        0.5063331972830346,
        0.5098403238792307,
        0.513346482084798,
        0.5168513272844106,
        0.5203545153792063,
        0.5238557029217211,
        0.5273545472502819,
        0.5308507066227406,
        0.5343438403494466
      ]
    },
    {
      "x": [
        0.01,
        0.03,
        0.05,
        0.06999999999999999,
        0.09,
        0.11,
        0.13,
        0.15000000000000002,
        0.17,
        0.19,
        0.21000000000000002,
        0.23,
        0.25,
        0.27,
        0.29000000000000004,
        0.31,
        0.33,
        0.35000000000000003,
        0.37,
        0.39,
        0.41000000000000003,
        0.43,
        0.45,
        0.47000000000000003,
        0.49,
        0.51,
        0.53,
        0.55,
        0.5700000000000001,
        0.59,
        0.61,
        0.63,
        0.65,
        0.67,
        0.6900000000000001,
        0.7100000000000001,
        0.73,
        0.75,
        0.77,
        0.79,
        0.81,
        0.8300000000000001,
        0.85,
        0.87,
        0.89,
        0.91,
        0.93,
        0.9500000000000001,
        0.97,
        0.99
      ],
      "y": [
        0.23863422665738893,
        0.24045777235660148,
        0.24229081835527372,
        0.24413334652708402,
        0.24598533760259692,
        0.24784677116081918,
        0.24971762562096336,
        0.2515978782344255,
        0.2534875050769823,
        0.2553864810412154,
        0.2572947798291667,
        0.2592123739452324,
        0.26113923468930134,
        0.2630753321501438,
        0.2650206351990553,
        0.26697511148376385,
        0.26893872742260444,
        0.2709114481989672,
        0.272893237756025,
        0.27488405879174715,
        0.2768838727542025,
        0.27889263983716023,
        0.2809103189759917,
        0.2829368678438801,
        0.2849722428483427,
        0.2870163991280707,
        0.2890692905500926,
        0.29113086970726537,
        0.2932010879160987,
        0.2952798952149175,
        0.29736724036236656,
        0.2994630708362631,
        0.3015673328328003,
        0.3036799712661077,
        0.3058009297681715,
        0.3079301506891197,
        0.310067575097875,
        0.31221314278318074,
        0.31436679225500214,
        0.316528460746307,
        0.3186980842152293,
        0.32087559734761856,
        0.323060933559978,
        0.3252540250027946,
        0.32745480256426324,
        0.3296631958744082,
        0.3318791333096028,
        0.3341025419974915,
        0.33633334782231394,
        0.33857147543063487
      ]
    },
    {
      "x": [
        0.01,
        0.03,
        0.05,
        0.06999999999999999,
        0.09,
        0.11,
        0.13,
        0.15000000000000002,
        0.17,
        0.19,
        0.21000000000000002,
        0.23,
        0.25,
        0.27,
        0.29000000000000004,
        0.31,
        0.33,
        0.35000000000000003,
        0.37,
        0.39,
        0.41000000000000003,
        0.43,
        0.45,
        0.47000000000000003,
        0.49,
        0.51,
        0.53,
        0.55,
        0.5700000000000001,
        0.59,
        0.61,
        0.63,
        0.65,
        0.67,
        0.6900000000000001,
        0.7100000000000001,
        0.73,
        0.75,
        0.77,
        0.79,
        0.81,
        0.8300000000000001,
        0.85,
        0.87,
        0.89,
        0.91,
        0.93,
        0.9500000000000001,
        0.97,
        0.99
      ],
      "y": [
        0.24334788384169015,
        0.24682048540736362,
        0.2503262471015696,
        0.253865019839429,
        0.2574366399778277,
        0.2610409291440202,
        0.26467769407463393,
        0.26834672646556124,
        0.2720478028332231,
        0.2757806843876793,
        0.27954511691805345,
        0.28334083069073124,
        0.2871675403607785,
        0.2910249448970162,
        0.2949127275211704,
        0.2988305556615079,
        0.30277808092134306,
        0.30675493906279105,
        0.3107607500061174,
        0.31479511784501796,
        0.3188576308781365,
        0.3229478616571089,
        0.32706536705139205,
        0.33120968833011577,
        0.33538035126116394,
        0.33957686622766586,
        0.34379872836204545,
        0.3480454176977511,
        0.3523163993387504,
        0.3566111236468475,
        0.360929026446843,
        0.36526952924952466,
        0.3696320394924419,
        0.3740159507983804,
        0.3784206432514189,
        0.3828454836904122,
        0.38728982601971035,
        0.3917530115368843,
        0.3962343692771933,
        0.40073321637449283,
        0.40524885843824426,
        0.4097805899462517,
        0.41432769465271646,
        0.4188894460111617,
        0.42346510761175005,
        0.4280539336324777,
        0.43265516930369863,
        0.4372680513854019,
        0.4418918086566299,
        0.44652566241640107
      ]
    }
  ]
}