{
  "prob_source": "model",
  "n_samples": 928,
  "calibration_maps": [
    {
      "x": [
        0.01,
        0.03,
        0.05,
        0.06999999999999999,
        0.09,
        0.11,
        0.13,
        0.15000000000000002,
        0.17,
        0.19,
        0.21000000000000002,
        0.23,
        0.25,
        0.27,
        0.29000000000000004,
        0.31,
        0.33,
        0.35000000000000003,
        0.37,
        0.39,
        0.41000000000000003,
        0.43,
        0.45,
        0.47000000000000003,
        0.49,
        0.51,
        0.53,
        0.55,
        0.5700000000000001,
        0.59,
        0.61,
        0.63,
        0.65,
        0.67,
        0.6900000000000001,
        0.7100000000000001,
        0.73,
        0.75,
        0.77,
        0.79,
        0.81,
        0.8300000000000001,
        0.85,
        0.87,
        0.89,
        0.91,
        0.93,
        0.9500000000000001,
        0.97,
        0.99
      ],
      "y": [
        0.3745345861945144,
        0.3775168494007082,
        0.38050841268443475,
        0.38350907684496344,
        0.3865186399930624,
        0.3895368975984252,
        0.3925636425387075,
        0.39559866515015685,
        0.3986417532798107,
        0.4016926923392432,
        0.4047512653598332,
        0.4078172530495303,
        0.41089043385108925,
        0.41397058400174325,
        0.41705747759428735,
        0.42015088663953787,
        0.42325058113013553,
        0.4263563291056543,
        0.4294678967189837,
        0.43258504830394273,
        0.43570754644408755,
        0.4388351520426718,
        0.4419676243937187,
        0.4451047212541594,
        0.4482461989169953,
        0.45139181228543757,
        0.4545413149479773,
        0.4576944592543383,
        0.46085099639226484,
        0.46401067646509253,
        0.46717324857005343,
        0.4703384608772636,
        0.4735060607093396,
        0.47667579462159204,
        0.4798474084827426,
        0.4830206475561089,
        0.48619525658120366,
        0.48937097985569217,
        0.49254756131765204,
        0.49572474462808025,
        0.4989022732535893,
        0.5020798905492373,
        0.5052573398414343,
        0.5084343645108687,
        0.5116107080753959,
        0.5147861142728337,
        0.5179603271436052,
        0.5211330911131757,
        0.5243041510742255,
        0.5274732524685017
      ]
    },
    {
      "x": [
        0.01,
        0.03,
        0.05,
        0.06999999999999999,
        0.09,
        0.11,
        0.13,
        0.15000000000000002,
        0.17,
        0.19,
        0.21000000000000002,
        0.23,
        0.25,
        0.27,
        0.29000000000000004,
        0.31,
        0.33,
        0.35000000000000003,
        0.37,
        0.39,
        0.41000000000000003,
        0.43,
        0.45,
        0.47000000000000003,
        0.49,
        0.51,
        0.53,
        0.55,
        0.5700000000000001,
        0.59,
        0.61,
        0.63,
        0.65,
        0.67,
        0.6900000000000001,
        0.7100000000000001,
        0.73,
        0.75,
        0.77,
        0.79,
        0.81,
        0.8300000000000001,
        0.85,
        0.87,
        0.89,
        0.91,
        0.93,
        0.9500000000000001,
        0.97,
        0.99
      ],
      "y": [
        0.2392834115605364,
        0.24100813152449937,
        0.24274131617206618,
        0.24448294998393094,
        0.24623301653062962,
        0.24799149846623722,
        0.24975837752221255,
        0.2515336345013952,
        0.253317249272159,
        0.2551092007627255,
        0.2569094669556419,
        0.2587180248824271,
        0.2605348506183908,
        0.26235991927762836,
        0.2641932050081962,
        0.2660346809874721,
        0.26788431941770313,
        0.26974209152174594,
        0.2716079675390034,
        0.273481916721561,
        0.27536390733052696,
        0.2772539066325794,
        0.2791518808967258,
        0.28105779539127584,
        0.28297161438103374,
        0.2848933011247125,
        0.2868228178725728,
        0.2887601258642923,
        0.29070518532706585,
        0.29265795547394235,
        0.2946183945024001,
        0.29658645959316426,
        0.29856210690926965,
        0.30054529159537174,
        0.3025359677773086,
        0.3045340885619173,
        0.30653960603710695,
        0.308552471272191,
        0.3105726343184821,
        0.3126000442101514,
        0.314634648965355,
        0.31667639558762933,
        0.31872523006755876,
        0.32078109738471655,
        0.3228439415098813,
        0.32491370540753134,
        0.32699033103861797,
        0.3290737593636205,
        0.3311639303458828,
        0.33326078295523476
      ]
    },
    {
      "x": [
        0.01,
        0.03,
        0.05,
        0.06999999999999999,
        0.09,
        0.11,
        0.13,
        0.15000000000000002,
        0.17,
        0.19,
        0.21000000000000002,
        0.23,
        0.25,
        0.27,
        0.29000000000000004,
        0.31,
        0.33,
        0.35000000000000003,
        0.37,
        0.39,
        0.41000000000000003,
        0.43,
        0.45,
        0.47000000000000003,
        0.49,
        0.51,
        0.53,
        0.55,
        0.5700000000000001,
        0.59,
        0.61,
        0.63,
        0.65,
        0.67,
        0.6900000000000001,
        0.7100000000000001,
        0.73,
        0.75,
        0.77,
        0.79,
        0.81,
        0.8300000000000001,
        0.85,
        0.87,
        0.89,
        0.91,
        0.93,
        0.9500000000000001,
        0.97,
        0.99
      ],
      "y": [
        0.24208588627867006,
        0.24556631247475527,
        0.2490803318672567,
        0.2526277980310545,
        0.25620854970974327,
        0.25982241063561234,
        0.26346918936021346,
        0.2671486790960243,
        0.27086065756971406,
        0.2746048868875076,
        0.27838111341313887,
        0.2821890676588733,
        0.28602846419007005,
        0.28989900154373904,
        0.29380036216153793,
        0.297732212337636,
        0.3016942021818558,
        0.3056859655984852,
        0.30970712028113345,
        0.31375726772398127,
        0.3178359932497546,
        0.32194286605472655,
        0.32607743927102634,
        0.3302392500465059,
        0.33442781964239077,
        0.3386426535489065,
        0.34288324161904565,
        0.3471490582206072,
        0.3514395624066061,
        0.35575419810411885,
        0.36009239432159446,
        0.36445356537462603,
        0.3688371111301396,
        0.3732424172689236,
        0.3776688555663798,
        0.38211578419134373,
        0.38658254802278047,
        0.39106847898412594,
        0.39557289639500315,
        0.40009510734000564,
        0.4046344070542031,
        0.4091900793249832,
        0.41376139690980873,
        0.4183476219694321,
        0.42294800651606995,
        0.4275617928760099,
        0.43218821416608244,
        0.4368264947834001,
        0.44147585090773284,
        0.44613549101585764
      ]
    }
  ]
}