{
  "W": [
    [
      0.060919821786434264,
      0.06303272017912474,
      0.06303272017912474,
      0.9903762107732931,
      -0.11573292304471611,
      -0.7794467326569935
    ],
    [
      -0.10797241520630488,
      0.004052037329837159,
      0.004052037329837159,
      -0.1752498886078681,
      0.06429443542369732,
      0.01972540260038647
    ],
    [
      0.04705259341987046,
      -0.06708475750896192,
      -0.06708475750896192,
      -0.8151263221654247,
      0.05143848762101867,
      0.7597213300566062
    ]
  ],
  "b": [
    0.09519655507158437,
    -0.09123005058378444,
    -0.003966504487800156
  ]
}