{
  "W": [
    [
      0.06119148352200772,
      0.05986673128761443,
      0.05986673128761443,
      1.0051046486340613,
      -0.1159777607361219,
      -0.7975650830348162
    ],
    [
      -0.10621222260635052,
      0.0054092723462724375,
      0.0054092723462724375,
      -0.20437061248215194,
      0.06376463009954231,
      0.05320032052513311
    ],
    [
      0.04502073908434286,
      -0.06527600363388684,
      -0.06527600363388684,
      -0.8007340361519104,
      0.0522131306365796,
      0.7443647625096836
    ]
  ],
  "b": [
    0.09156180486312339,
    -0.08740566185747684,
    -0.004156143005646724
  ]
}