{
  "W": [
    [
      0.06220242692762471,
      0.05874066032759203,
      0.05874066032759203,
      1.009636009685612,
      -0.1140271998700741,
      -0.8029814001581822
    ],
    [
      -0.10169683457288661,
      -0.001303058772842659,
      -0.001303058772842659,
      -0.20643228231418018,
      0.051963735586419084,
      0.06081380822930992
    ],
    [
      0.03949440764526198,
      -0.0574376015547493,
      -0.0574376015547493,
      -0.8032037273714308,
      0.062063464283655126,
      0.7421675919288722
    ]
  ],
  "b": [
    0.09262740965735508,
    -0.09365473849845107,
    0.0010273288410958315
  ]
}