{
  "W": [
    [
      0.06161517000669798,
      0.061870960235729404,
      0.061870960235729404,
      0.9857970530079653,
      -0.11469488238244609,
      -0.7763024920170997
    ],
    [
      -0.10840515180389562,
      0.004725120111897386,
      0.004725120111897386,
      -0.17254622406050402,
      0.06381048900526329,
      0.017732175523894635
    ],
    [
      0.04678998179719764,
      -0.06659608034762683,
      -0.06659608034762683,
      -0.813250828947462,
      0.050884393377182764,
      0.7585703164932053
    ]
  ],
  "b": [
    0.09479967860841888,
    -0.09100355953134583,
    -0.0037961190770729254
  ]
}